time,qty,sin_day,cos_day,sincos_day,day_of_week,TMEDIA 째C,TMIN 째C,TMAX 째C,PUNTORUGIADA 째C,UMIDITA %,VISIBILITA km,VENTOMEDIA km/h,VENTOMAX km/h,RAFFICA km/h,PRESSIONESLM mb,conditions
2018-09-13,163,-0.9536809966304455,-0.300819807635668,0.2868861339521628,3,22.0,20.0,27.0,17.0,72.0,19.0,7.0,18.0,0.0,1016.0,-1
2018-09-14,146,-0.9587178169872964,-0.2843591872810036,0.2726202192703256,4,24.0,19.0,29.0,17.0,69.0,20.0,7.0,15.0,0.0,1016.0,1
2018-09-15,271,-0.9634705485641486,-0.26781430516217486,0.2580311955079269,5,23.0,19.0,28.0,19.0,76.0,20.0,7.0,13.0,0.0,1019.0,1
2018-09-16,241,-0.9679377830240642,-0.25119006388481957,0.24313635355434532,6,23.0,19.0,28.0,19.0,76.0,20.0,7.0,13.0,0.0,1022.0,1
2018-09-17,96,-0.9721181966290612,-0.23449138957041055,0.22795334675423015,0,23.0,19.0,28.0,19.0,77.0,20.0,7.0,15.0,0.0,1021.0,-1
2018-09-18,79,-0.9760105506323682,-0.21772323039653224,0.2125001699847774,1,24.0,21.0,28.0,19.0,75.0,21.0,7.0,15.0,0.0,1019.0,1
2018-09-19,124,-0.9796136916454901,-0.2008905551306353,0.1967951383282335,2,22.0,20.0,25.0,20.0,85.0,17.0,5.0,9.0,0.0,1018.0,-1
2018-09-20,114,-0.9829265519799822,-0.1839983516576799,0.18085686536488355,3,22.0,20.0,27.0,19.0,84.0,17.0,9.0,21.0,0.0,1017.0,-1
2018-09-21,117,-0.9859481499638303,-0.1670516255021195,0.16470424111226534,4,23.0,19.0,28.0,18.0,76.0,20.0,8.0,17.0,0.0,1015.0,-1
2018-09-22,298,-0.9886775902323404,-0.15005539834465262,0.14835640963674507,5,23.0,18.0,29.0,18.0,74.0,20.0,7.0,13.0,0.0,1017.0,1
2018-09-23,165,-0.9911140639934546,-0.13301470653419636,0.13183274636400408,6,23.0,19.0,28.0,18.0,72.0,20.0,8.0,11.0,0.0,1019.0,1
2018-09-24,75,-0.9932568492674143,-0.11593459959550065,0.11515283511530622,0,24.0,21.0,28.0,19.0,72.0,19.0,10.0,21.0,0.0,1015.0,-1
2018-09-25,88,-0.9951053111006974,-0.09882013873287211,0.09833644489678879,1,20.0,15.0,25.0,10.0,56.0,18.0,13.0,24.0,0.0,1022.0,-1
2018-09-26,137,-0.99665890175417,-0.08167639533042287,0.08140350646925867,2,17.0,12.0,23.0,3.0,37.0,21.0,14.0,22.0,0.0,1028.0,1
2018-09-27,87,-0.9979171608653922,-0.06450844944931713,0.06437408872629123,3,17.0,10.0,26.0,6.0,49.0,21.0,10.0,21.0,0.0,1025.0,1
2018-09-28,118,-0.9988797155850335,-0.047321388322432316,0.04726837490860012,4,18.0,13.0,25.0,7.0,48.0,20.0,8.0,13.0,0.0,1016.0,1
2018-09-29,208,-0.9995462806873573,-0.03012030484690836,0.030106638682896633,5,19.0,13.0,26.0,10.0,55.0,22.0,7.0,11.0,0.0,1014.0,1
2018-09-30,200,-0.9999166586547379,-0.012910296075008843,0.01290922011356622,6,19.0,14.0,24.0,12.0,66.0,20.0,8.0,13.0,0.0,1016.0,1
2018-10-01,96,-0.9999907397361901,0.004303538296243821,-0.004303498444343882,0,20.0,16.0,24.0,15.0,74.0,20.0,11.0,21.0,0.0,1010.0,-1
2018-10-02,153,-0.9997685019798909,0.021516097436222233,-0.02151111650226527,1,19.0,15.0,22.0,11.0,58.0,21.0,11.0,18.0,0.0,1012.0,1
2018-10-03,106,-0.9992500112396835,0.03872228089217399,-0.038693239616731046,2,19.0,14.0,25.0,11.0,60.0,21.0,11.0,17.0,0.0,1016.0,1
2018-10-04,129,-0.9984354211555643,0.05591699010060302,-0.055829503560847094,3,21.0,16.0,25.0,12.0,58.0,22.0,10.0,17.0,0.0,1019.0,1
2018-10-05,145,-0.9973249731081556,0.07309512989807687,-0.07289959845993665,4,20.0,17.0,24.0,14.0,66.0,18.0,12.0,21.0,0.0,1018.0,-1
2018-10-06,306,-0.9959189961471792,0.09025161003104071,-0.08988329286278075,5,19.0,16.0,22.0,16.0,84.0,15.0,15.0,28.0,0.0,1015.0,-1
2018-10-07,263,-0.9942179068939521,0.10738134666416219,-0.10676045771989719,6,20.0,16.0,23.0,16.0,80.0,21.0,8.0,15.0,0.0,1014.0,-1
2018-10-08,73,-0.9922222094179324,0.12447926388678869,-0.12351109024046732,0,19.0,15.0,24.0,15.0,81.0,21.0,6.0,13.0,0.0,1017.0,1
2018-10-09,111,-0.989932495087353,0.14154029521704298,-0.1401153375996079,1,19.0,15.0,24.0,16.0,82.0,19.0,7.0,13.0,0.0,1019.0,-1
2018-10-10,94,-0.9873494423939864,0.15855938510313472,-0.1565535204679134,2,20.0,16.0,25.0,15.0,76.0,20.0,7.0,13.0,0.0,1020.0,1
2018-10-11,112,-0.9844738167520923,0.17553149042142774,-0.1728061563353663,3,19.0,17.0,23.0,15.0,77.0,19.0,7.0,13.0,0.0,1019.0,-1
2018-10-12,146,-0.9813064702716093,0.19245158197082993,-0.1888539826019824,4,20.0,16.0,25.0,14.0,72.0,18.0,7.0,11.0,0.0,1022.0,1
2018-10-13,217,-0.9778483415056569,0.209314645963048,-0.20467797940781024,5,19.0,13.0,25.0,11.0,62.0,19.0,9.0,11.0,0.0,1021.0,1
2018-10-14,202,-0.9741004551724206,0.22611568550828803,-0.2202593921752473,6,18.0,13.0,24.0,11.0,67.0,21.0,6.0,9.0,0.0,1018.0,1
2018-10-15,68,-0.9700639218515072,0.24284972209593492,-0.23557975383693125,0,19.0,13.0,24.0,13.0,66.0,18.0,7.0,15.0,0.0,1016.0,1
2018-10-16,66,-0.965739937654855,0.25951179706979943,-0.2506209067228875,1,21.0,18.0,24.0,15.0,68.0,20.0,10.0,18.0,0.0,1017.0,1
2018-10-17,98,-0.961129783872301,0.276096973097468,-0.2653650240809659,2,20.0,17.0,25.0,16.0,77.0,18.0,7.0,17.0,0.0,1016.0,-1
2018-10-18,99,-0.9562348265919058,0.2926003356333479,-0.2797946312050879,3,20.0,15.0,26.0,15.0,74.0,19.0,7.0,15.0,0.0,1013.0,1
2018-10-19,92,-0.9510565162951536,0.30901699437494723,-0.2938926261462364,4,20.0,15.0,25.0,13.0,67.0,21.0,8.0,13.0,0.0,1015.0,1
2018-10-20,222,-0.9455963874271425,0.32534208471198034,-0.307642299981664,5,19.0,14.0,25.0,14.0,75.0,22.0,7.0,9.0,0.0,1020.0,1
2018-10-21,220,-0.9398560579418956,0.34157076916785517,-0.3210273566182815,6,17.0,11.0,23.0,13.0,78.0,18.0,9.0,46.0,0.0,1017.0,-1
2018-10-22,77,-0.9338372288229252,0.35769823883312546,-0.33403193210676674,0,14.0,10.0,17.0,7.0,64.0,21.0,17.0,30.0,0.0,1012.0,-1
2018-10-23,118,-0.9275416835791969,0.3737197147904684,-0.34664061344348834,1,16.0,10.0,23.0,9.0,63.0,20.0,9.0,15.0,0.0,1016.0,1
2018-10-24,96,-0.9209712877166347,0.38963044953078774,-0.3588384568379808,2,15.0,9.0,21.0,10.0,72.0,20.0,8.0,17.0,0.0,1014.0,1
2018-10-25,86,-0.9141279881853341,0.4054257283599965,-0.37061100542429737,3,17.0,12.0,23.0,12.0,74.0,19.0,9.0,22.0,0.0,1016.0,1
2018-10-26,88,-0.9070138128026362,0.42110087079608916,-0.3819443063952711,4,19.0,16.0,22.0,15.0,79.0,19.0,13.0,26.0,0.0,1016.0,1
2018-10-27,242,-0.8996308696522437,0.43665123195606304,-0.39282492753935655,5,20.0,18.0,22.0,16.0,77.0,19.0,27.0,37.0,0.0,1009.0,-1
2018-10-28,164,-0.8919813464595484,0.4520722039323045,-0.40323997316047255,6,20.0,18.0,21.0,17.0,82.0,15.0,28.0,41.0,0.0,1004.0,-1
2018-10-29,57,-0.8840675099433637,0.46735921715800205,-0.4131770993619546,0,19.0,15.0,22.0,14.0,74.0,15.0,35.0,67.0,0.0,1001.0,-1
2018-10-30,86,-0.875891705144243,0.4825077417612184,-0.42262452867653166,1,15.0,12.0,18.0,9.0,70.0,20.0,16.0,24.0,0.0,1012.0,-1
2018-10-31,61,-0.8674563547295971,0.4975132889071802,-0.4315710640249555,2,16.0,11.0,19.0,9.0,66.0,20.0,14.0,33.0,0.0,1019.0,-1
2018-11-01,172,-0.8587639582758031,0.5123714121284235,-0.4400061019867678,3,18.0,16.0,20.0,15.0,83.0,14.0,23.0,37.0,0.0,1017.0,-1
2018-11-02,205,-0.8498170915275283,0.5270777086423716,-0.44791964536745416,4,18.0,17.0,20.0,14.0,75.0,20.0,17.0,48.0,0.0,1016.0,-1
2018-11-03,241,-0.8406184056344783,0.5416278206559811,-0.45530231504710805,5,18.0,16.0,20.0,14.0,75.0,19.0,11.0,24.0,0.0,1016.0,-1
2018-11-04,178,-0.8311706263658084,0.5560174366570438,-0.4621453610965463,6,17.0,14.0,20.0,12.0,76.0,18.0,13.0,22.0,0.0,1013.0,-1
2018-11-05,76,-0.8214765533024145,0.5702422926917867,-0.4684406731477156,0,17.0,15.0,18.0,13.0,81.0,17.0,16.0,26.0,0.0,1013.0,-1
2018-11-06,81,-0.8115390590073611,0.5842981736283683,-0.47418079000608576,1,17.0,14.0,20.0,12.0,72.0,19.0,13.0,22.0,0.0,1015.0,1
2018-11-07,86,-0.8013610881746764,0.5981809144059166,-0.4793589084936483,2,16.0,12.0,19.0,11.0,76.0,19.0,9.0,26.0,0.0,1018.0,-1
2018-11-08,61,-0.7909456567567774,0.6118864012687241,-0.483968891512032,3,14.0,9.0,19.0,10.0,78.0,19.0,7.0,11.0,0.0,1021.0,1
2018-11-09,86,-0.7802958510707755,0.6254105729852464,-0.48800527531618415,4,15.0,10.0,20.0,11.0,77.0,19.0,7.0,13.0,0.0,1019.0,1
2018-11-10,254,-0.7694148268839381,0.6387494220515267,-0.491463275989991,5,14.0,12.0,19.0,10.0,78.0,19.0,7.0,13.0,0.0,1016.0,1
2018-11-11,180,-0.7583058084785625,0.6518989958787125,-0.4943387951161702,6,13.0,8.0,20.0,9.0,76.0,19.0,6.0,11.0,0.0,1020.0,1
2018-11-12,72,-0.7469720876965558,0.6648553979642859,-0.4966284246337071,0,14.0,9.0,20.0,10.0,80.0,21.0,6.0,9.0,0.0,1026.0,1
2018-11-13,81,-0.7354170229639858,0.6776147890466887,-0.4983294508770851,1,14.0,10.0,19.0,11.0,81.0,14.0,6.0,9.0,0.0,1028.0,1
2018-11-14,97,-0.723644038295913,0.6901733882429714,-0.49943985779251676,2,12.0,6.0,17.0,9.0,82.0,14.0,7.0,13.0,0.0,1026.0,1
2018-11-15,105,-0.7116566222817751,0.7025274741691566,-0.499958329327369,3,12.0,8.0,18.0,9.0,79.0,15.0,7.0,9.0,0.0,1022.0,1
2018-11-16,94,-0.6994583270516471,0.7146733860429608,-0.4998842509899454,4,13.0,9.0,18.0,7.0,65.0,19.0,10.0,18.0,0.0,1019.0,1
2018-11-17,260,-0.6870527672236668,0.7266075247685657,-0.4992177105777821,5,10.0,5.0,15.0,2.0,57.0,20.0,11.0,15.0,0.0,1017.0,1
2018-11-18,236,-0.6744436188329457,0.7383263540031063,-0.4979594980735895,6,9.0,5.0,15.0,2.0,62.0,21.0,13.0,18.0,0.0,1012.0,1
2018-11-19,66,-0.6616346182422783,0.7498264012045686,-0.49611110470896613,0,9.0,5.0,15.0,5.0,79.0,16.0,12.0,30.0,0.0,1004.0,-1
2018-11-20,83,-0.6486295610349818,0.7611042586607744,-0.49367472119699335,1,15.0,13.0,18.0,13.0,86.0,18.0,14.0,30.0,0.0,1002.0,-1
2018-11-21,74,-0.6354323008901775,0.7721565844991642,-0.4906532351358047,2,13.0,9.0,17.0,10.0,81.0,20.0,7.0,15.0,0.0,1013.0,-1
2018-11-22,220,-0.622046748440868,0.7829801036770625,-0.48705022758621047,3,14.0,11.0,18.0,11.0,85.0,19.0,8.0,15.0,0.0,1019.0,-1
2018-11-23,535,-0.6084768701151264,0.7935716089521472,-0.48286996882742755,4,15.0,11.0,17.0,10.0,75.0,19.0,15.0,24.0,0.0,1020.0,-1
2018-11-24,480,-0.5947266869607633,0.8039279618328213,-0.47811741329595275,5,17.0,16.0,17.0,14.0,85.0,15.0,20.0,30.0,0.0,1015.0,-1
2018-11-25,444,-0.5808002734538013,0.8140460935082175,-0.4727981937135714,6,14.0,11.0,16.0,12.0,91.0,11.0,10.0,21.0,0.0,1005.0,-1
2018-11-26,138,-0.5667017562911177,0.8239230057575542,-0.46691861441146265,0,13.0,10.0,16.0,9.0,76.0,20.0,9.0,17.0,0.0,1002.0,-1
2018-11-27,78,-0.5524353131676195,0.83355577183857,-0.4604856438583172,1,10.0,9.0,12.0,7.0,80.0,19.0,13.0,21.0,0.0,1002.0,-1
2018-11-28,91,-0.5380051715382999,0.8429415373547827,-0.4535069064013181,2,9.0,5.0,12.0,2.0,63.0,20.0,19.0,30.0,0.0,1013.0,1
2018-11-29,96,-0.5234156073655503,0.8520775211013093,-0.44599067322977426,3,8.0,3.0,15.0,4.0,71.0,18.0,9.0,15.0,0.0,1021.0,1
2018-11-30,133,-0.5086709438521049,0.8609610158889941,-0.4379458525721217,4,11.0,6.0,14.0,7.0,79.0,20.0,8.0,21.0,0.0,1018.0,-1
2018-12-01,222,-0.49377555015997737,0.8695893893466109,-0.42938197913790155,5,13.0,9.0,16.0,7.0,67.0,19.0,9.0,18.0,0.0,1015.0,1
2018-12-02,209,-0.47873384011578907,0.8779600847008878,-0.42030920281723944,6,10.0,6.0,14.0,6.0,76.0,20.0,7.0,13.0,0.0,1018.0,1
2018-12-03,91,-0.46355027090285117,0.8860706215341378,-0.4107382766512073,0,14.0,12.0,15.0,12.0,89.0,14.0,8.0,13.0,0.0,1016.0,-1
2018-12-04,85,-0.4482293417404106,0.893918596519257,-0.4006805440873383,1,15.0,11.0,18.0,12.0,83.0,16.0,8.0,15.0,0.0,1014.0,1
2018-12-05,114,-0.43277559255043163,0.9015016841318838,-0.3901479255353881,2,11.0,6.0,18.0,8.0,80.0,18.0,6.0,13.0,0.0,1023.0,1
2018-12-06,130,-0.41719360261231697,0.9088176373395028,-0.37915290423928133,3,12.0,9.0,15.0,9.0,86.0,18.0,8.0,13.0,0.0,1021.0,1
2018-12-07,150,-0.4014879892059729,0.9158642882672873,-0.3677085114819927,4,10.0,6.0,14.0,8.0,86.0,19.0,8.0,15.0,0.0,1021.0,1
2018-12-08,281,-0.3856634062436074,0.9226395488404875,-0.3558283111408876,5,13.0,7.0,16.0,8.0,73.0,21.0,13.0,26.0,0.0,1014.0,-1
2018-12-09,241,-0.36972454289067314,0.9291414114031743,-0.34352638361183346,6,10.0,5.0,16.0,5.0,73.0,20.0,7.0,15.0,0.0,1014.0,1
2018-12-10,96,-0.35367612217637207,0.935367949313148,-0.33081730912113955,0,9.0,7.0,11.0,6.0,76.0,18.0,7.0,13.0,0.0,1013.0,1
2018-12-11,123,-0.3375228995941134,0.941317317512847,-0.31771615044508883,1,8.0,3.0,12.0,0.0,52.0,20.0,6.0,13.0,0.0,1016.0,1
2018-12-12,131,-0.32126966169236515,0.9469877530760751,-0.30423843505756365,2,5.0,1.0,9.0,0.0,62.0,14.0,10.0,15.0,0.0,1017.0,1
2018-12-13,121,-0.3049212246562894,0.9523775757303974,-0.2904001367269008,3,8.0,7.0,9.0,5.0,67.0,15.0,9.0,17.0,0.0,1012.0,-1
2018-12-14,140,-0.288482432880609,0.9574851883550393,-0.27621765658380987,4,7.0,6.0,9.0,6.0,93.0,11.0,14.0,21.0,0.0,1008.0,-1
2018-12-15,289,-0.27195815753410607,0.9623090774541485,-0.2617078036827756,5,5.0,2.0,6.0,3.0,77.0,22.0,15.0,24.0,0.0,1013.0,1
2018-12-16,331,-0.2553532951161872,0.9668478136052775,-0.2468877750799888,6,3.0,0.0,10.0,5.0,75.0,18.0,14.0,28.0,0.0,1018.0,-1
2018-12-17,193,-0.23867276600595,0.9711000518829505,-0.23177513545142533,0,9.0,6.0,13.0,6.0,80.0,20.0,18.0,35.0,0.0,1013.0,-1
2018-12-18,152,-0.22192151300416588,0.9750645322571947,-0.21638779627521595,1,7.0,3.0,12.0,1.0,63.0,20.0,11.0,26.0,0.0,1023.0,1
2018-12-19,186,-0.20510449986861926,0.9787400799669153,-0.20074399460298656,2,7.0,0.0,13.0,5.0,74.0,20.0,9.0,17.0,0.0,1023.0,1
2018-12-20,217,-0.1882267098432448,0.9821256058680005,-0.18486227144533712,3,12.0,9.0,16.0,8.0,76.0,21.0,15.0,31.0,0.0,1021.0,-1
2018-12-21,252,-0.1712931441814778,0.9852201067560606,-0.16876144979705687,4,10.0,4.0,14.0,6.0,79.0,20.0,7.0,9.0,0.0,1027.0,-1
2018-12-22,283,-0.15430882066428103,0.9880226656636976,-0.1524606123281444,5,12.0,11.0,13.0,10.0,87.0,14.0,10.0,17.0,0.0,1025.0,-1
2018-12-23,252,-0.1372787721132652,0.9905324521322227,-0.13597907876705317,6,13.0,9.0,17.0,10.0,84.0,20.0,9.0,15.0,0.0,1024.0,1
2018-12-24,144,-0.12020804489935276,0.9927487224577402,-0.11933638300297512,0,12.0,9.0,15.0,11.0,89.0,14.0,8.0,13.0,0.0,1018.0,-1
2018-12-25,0,-0.10310169744743544,0.9946708199115211,-0.10255224993431018,1,9.0,5.0,14.0,5.0,50.0,19.0,12.0,21.0,0.0,1024.0,1
2018-12-26,102,-0.08596479873744671,0.9962981749346077,-0.08564657209073903,2,7.0,2.0,12.0,1.0,53.0,19.0,8.0,13.0,0.0,1029.0,1
2018-12-27,140,-0.06880242680231975,0.9976303053065857,-0.06863938605663226,3,6.0,1.0,12.0,4.0,66.0,19.0,8.0,17.0,0.0,1027.0,1
2018-12-28,153,-0.05161966722325417,0.9986668162884759,-0.05155084872371783,4,7.0,1.0,11.0,4.0,80.0,21.0,8.0,13.0,0.0,1025.0,1
2018-12-29,167,-0.034421611622745804,0.9994074007397048,-0.034401213401159994,5,6.0,3.0,11.0,3.0,80.0,19.0,7.0,15.0,0.0,1025.0,1
2018-12-30,207,-0.017213356155835285,0.9998518392091162,-0.01721080581137347,6,5.0,1.0,12.0,3.0,86.0,14.0,11.0,15.0,0.0,1023.0,1
2018-12-31,99,-2.4492935982947064e-16,1.0,-2.4492935982947064e-16,0,8.0,4.0,13.0,2.0,57.0,20.0,11.0,22.0,0.0,1024.0,1
2019-01-01,0,0.017213356155834685,0.9998518392091162,0.01721080581137287,1,8.0,4.0,13.0,0.0,50.0,20.0,10.0,24.0,0.0,1023.0,1
2019-01-02,163,0.03442161162274574,0.9994074007397048,0.03440121340115993,2,7.0,2.0,12.0,3.0,60.0,20.0,15.0,37.0,0.0,1015.0,1
2019-01-03,159,0.051619667223253764,0.998666816288476,0.05155084872371743,3,4.0,1.0,7.0,0.0,40.0,20.0,22.0,39.0,0.0,1022.0,1
2019-01-04,209,0.06880242680231986,0.9976303053065857,0.06863938605663238,4,1.0,-2.0,6.0,0.0,54.0,20.0,14.0,28.0,0.0,1026.0,1
2019-01-05,481,0.08596479873744647,0.9962981749346078,0.0856465720907388,5,4.0,-3.0,9.0,1.0,56.0,19.0,7.0,11.0,0.0,1022.0,-1
2019-01-06,339,0.10310169744743485,0.9946708199115211,0.1025522499343096,6,6.0,0.0,12.0,2.0,69.0,20.0,9.0,13.0,0.0,1019.0,1
2019-01-07,177,0.1202080448993527,0.9927487224577402,0.11933638300297507,0,6.0,0.0,12.0,4.0,74.0,18.0,7.0,11.0,0.0,1024.0,1
2019-01-08,146,0.13727877211326478,0.9905324521322229,0.13597907876705279,1,7.0,1.0,11.0,5.0,86.0,17.0,7.0,13.0,0.0,1018.0,-1
2019-01-09,197,0.15430882066428114,0.9880226656636976,0.1524606123281445,2,8.0,4.0,11.0,5.0,83.0,18.0,9.0,17.0,0.0,1002.0,-1
2019-01-10,158,0.1712931441814776,0.9852201067560606,0.16876144979705665,3,5.0,2.0,9.0,0.0,61.0,19.0,15.0,26.0,0.0,1005.0,1
2019-01-11,195,0.18822670984324422,0.9821256058680006,0.18486227144533657,4,4.0,0.0,9.0,0.0,63.0,21.0,13.0,21.0,0.0,1015.0,1
2019-01-12,375,0.2051044998686192,0.9787400799669153,0.2007439946029865,5,3.0,-2.0,9.0,0.0,58.0,21.0,10.0,15.0,0.0,1017.0,1
2019-01-13,355,0.22192151300416552,0.9750645322571948,0.21638779627521562,6,7.0,0.0,12.0,4.0,73.0,19.0,7.0,13.0,0.0,1012.0,-1
2019-01-14,145,0.2386727660059501,0.9711000518829505,0.23177513545142545,0,10.0,7.0,14.0,6.0,78.0,19.0,11.0,26.0,0.0,1004.0,-1
2019-01-15,148,0.255353295116187,0.9668478136052776,0.2468877750799886,1,8.0,5.0,12.0,2.0,57.0,21.0,11.0,18.0,0.0,1016.0,1
2019-01-16,129,0.2719581575341055,0.9623090774541486,0.2617078036827751,2,9.0,3.0,13.0,4.0,71.0,19.0,9.0,13.0,0.0,1023.0,1
2019-01-17,142,0.288482432880609,0.9574851883550393,0.27621765658380987,3,11.0,8.0,13.0,6.0,74.0,21.0,20.0,28.0,0.0,1017.0,-1
2019-01-18,175,0.304921224656289,0.9523775757303975,0.29040013672690046,4,10.0,7.0,14.0,7.0,81.0,19.0,10.0,18.0,0.0,1013.0,-1
2019-01-19,296,0.3212696616923644,0.9469877530760753,0.30423843505756304,5,8.0,5.0,11.0,4.0,77.0,19.0,9.0,15.0,0.0,1013.0,1
2019-01-20,298,0.3375228995941133,0.9413173175128471,0.3177161504450888,6,8.0,6.0,11.0,5.0,78.0,18.0,8.0,15.0,0.0,1012.0,-1
2019-01-21,93,0.35367612217637157,0.9353679493131483,0.33081730912113916,0,8.0,7.0,10.0,6.0,83.0,19.0,11.0,18.0,0.0,1010.0,-1
2019-01-22,92,0.36972454289067314,0.9291414114031743,0.34352638361183346,1,6.0,3.0,8.0,4.0,90.0,19.0,12.0,24.0,0.0,1003.0,-1
2019-01-23,152,0.3856634062436071,0.9226395488404876,0.35582831114088737,2,6.0,3.0,9.0,3.0,82.0,18.0,12.0,24.0,0.0,996.0,-1
2019-01-24,136,0.401487989205973,0.9158642882672872,0.36770851148199274,3,7.0,5.0,10.0,2.0,65.0,20.0,13.0,24.0,0.0,989.0,1
2019-01-25,171,0.4171936026123168,0.9088176373395029,0.3791529042392812,4,6.0,4.0,9.0,1.0,62.0,19.0,21.0,33.0,0.0,997.0,1
2019-01-26,263,0.4327755925504312,0.901501684131884,0.39014792553538774,5,6.0,2.0,10.0,0.0,55.0,20.0,16.0,22.0,0.0,1007.0,1
2019-01-27,284,0.4482293417404106,0.893918596519257,0.4006805440873383,6,8.0,1.0,11.0,6.0,77.0,19.0,15.0,35.0,0.0,1006.0,-1
2019-01-28,110,0.4635502709028509,0.886070621534138,0.4107382766512071,0,8.0,4.0,12.0,5.0,80.0,19.0,10.0,17.0,0.0,997.0,-1
2019-01-29,105,0.47873384011578846,0.8779600847008882,0.4203092028172391,1,4.0,1.0,9.0,2.0,81.0,21.0,10.0,17.0,0.0,1002.0,1
2019-01-30,101,0.4937755501599772,0.869589389346611,0.4293819791379015,2,4.0,0.0,9.0,3.0,80.0,17.0,10.0,28.0,0.0,1000.0,-1
2019-01-31,99,0.5086709438521044,0.8609610158889944,0.4379458525721215,3,7.0,2.0,11.0,4.0,76.0,18.0,15.0,30.0,0.0,1004.0,-1
2019-02-01,120,0.5234156073655503,0.8520775211013093,0.44599067322977426,4,13.0,11.0,14.0,11.0,88.0,14.0,24.0,35.0,0.0,1003.0,-1
2019-02-02,277,0.5380051715382996,0.8429415373547828,0.45350690640131797,5,12.0,9.0,14.0,10.0,89.0,10.0,20.0,33.0,0.0,999.0,-1
2019-02-03,278,0.5524353131676196,0.8335557718385699,0.46048564385831725,6,9.0,8.0,12.0,6.0,80.0,17.0,11.0,18.0,0.0,1004.0,-1
2019-02-04,81,0.5667017562911175,0.8239230057575543,0.46691861441146254,0,9.0,4.0,15.0,4.0,76.0,22.0,13.0,22.0,0.0,1014.0,1
2019-02-05,102,0.5808002734538008,0.8140460935082179,0.47279819371357124,1,10.0,7.0,13.666666666666666,6.666666666666667,81.66666666666667,16.333333333333332,14.666666666666666,24.333333333333332,0.0,1005.6666666666666,1
2019-02-06,84,0.5947266869607633,0.8039279618328213,0.47811741329595275,2,10.0,6.0,16.0,5.0,75.0,20.0,7.0,11.0,0.0,1017.0,1
2019-02-07,77,0.6084768701151261,0.7935716089521474,0.48286996882742744,3,8.0,3.0,15.0,4.0,75.0,20.0,7.0,15.0,0.0,1018.0,1
2019-02-08,125,0.6220467484408675,0.7829801036770629,0.4870502275862103,4,10.0,6.0,15.0,6.0,79.0,19.0,7.0,11.0,0.0,1018.0,1
2019-02-09,253,0.6354323008901774,0.7721565844991642,0.49065323513580467,5,9.0,4.0,15.0,6.0,79.0,19.0,7.0,11.0,0.0,1022.0,1
2019-02-10,252,0.6486295610349815,0.7611042586607746,0.49367472119699324,6,12.0,11.0,15.0,9.0,79.0,21.0,19.0,33.0,0.0,1020.0,1
2019-02-11,81,0.6616346182422783,0.7498264012045686,0.49611110470896613,0,10.0,6.0,13.0,5.0,70.0,18.0,12.0,24.0,0.0,1011.0,-1
2019-02-12,67,0.6744436188329455,0.7383263540031065,0.4979594980735895,1,8.0,3.0,14.0,1.0,48.0,20.0,14.0,31.0,0.0,1022.0,1
2019-02-13,67,0.687052767223667,0.7266075247685655,0.49921771057778214,2,7.0,2.0,13.0,0.0,45.0,20.0,12.0,26.0,0.0,1030.0,1
2019-02-14,75,0.699458327051647,0.714673386042961,0.49988425098994543,3,9.0,2.0,16.0,5.0,58.0,19.0,10.0,18.0,0.0,1031.0,1
2019-02-15,100,0.7116566222817746,0.702527474169157,0.4999583293273689,4,10.0,5.0,18.0,4.0,63.0,21.0,11.0,17.0,0.0,1027.0,1
2019-02-16,176,0.7236440382959124,0.6901733882429719,0.49943985779251676,5,8.0,3.0,14.0,3.0,66.0,19.0,8.0,11.0,0.0,1029.0,1
2019-02-17,128,0.7354170229639855,0.677614789046689,0.4983294508770851,6,8.0,3.0,15.0,4.0,75.0,18.0,7.0,11.0,0.0,1028.0,1
2019-02-18,70,0.7469720876965552,0.6648553979642865,0.49662842463370716,0,9.0,7.0,12.0,6.0,80.0,8.0,6.0,11.0,0.0,1026.0,1
2019-02-19,64,0.7583058084785624,0.6518989958787126,0.4943387951161702,1,9.0,5.0,11.0,4.0,74.0,10.0,5.0,9.0,0.0,1023.0,1
2019-02-20,110,0.7694148268839378,0.6387494220515272,0.4914632759899911,2,8.0,3.0,14.0,3.0,73.0,15.0,7.0,13.0,0.0,1024.0,1
2019-02-21,45,0.7802958510707755,0.6254105729852464,0.48800527531618415,3,8.0,3.0,15.0,4.0,76.0,17.0,7.0,13.0,0.0,1027.0,1
2019-02-22,114,0.7909456567567772,0.6118864012687245,0.4839688915120322,4,9.0,3.0,15.0,5.0,76.0,15.0,8.0,15.0,0.0,1023.0,1
2019-02-23,167,0.8013610881746766,0.5981809144059164,0.4793589084936482,5,8.0,4.0,12.0,1.0,32.0,20.0,25.0,44.0,0.0,1022.0,1
2019-02-24,194,0.811539059007361,0.5842981736283686,0.4741807900060859,6,7.0,3.0,13.0,0.0,30.0,20.0,14.0,31.0,0.0,1026.0,1
2019-02-25,71,0.8214765533024142,0.5702422926917872,0.46844067314771576,0,8.0,3.0,16.0,2.0,44.0,20.0,14.0,33.0,0.0,1026.0,1
2019-02-26,90,0.8311706263658079,0.5560174366570445,0.4621453610965466,1,9.0,2.0,14.0,3.0,65.0,21.0,7.0,13.0,0.0,1026.0,1
2019-02-27,66,0.8406184056344781,0.5416278206559814,0.4553023150471081,2,13.0,8.0,21.0,1.0,40.0,20.0,13.0,31.0,0.0,1021.0,1
2019-02-28,104,0.8498170915275278,0.5270777086423722,0.4479196453674545,3,11.0,6.0,17.0,4.0,64.0,20.0,7.0,13.0,0.0,1022.0,1
2019-03-01,151,0.8587639582758029,0.5123714121284237,0.4400061019867679,4,12.0,8.0,14.0,7.0,75.0,19.0,9.0,15.0,0.0,1014.0,1
2019-03-02,175,0.8674563547295968,0.4975132889071807,0.43157106402495576,5,12.0,7.0,18.0,6.0,71.0,21.0,10.0,22.0,0.0,1014.0,1
2019-03-03,145,0.8758917051442429,0.48250774176121847,0.42262452867653166,6,11.0,7.0,18.0,7.0,75.0,19.0,8.0,17.0,0.0,1019.0,1
2019-03-04,69,0.8840675099433636,0.4673592171580022,0.41317709936195474,0,12.0,6.0,16.0,7.0,76.0,16.0,17.0,35.0,0.0,1017.0,1
2019-03-05,91,0.8919813464595485,0.45207220393230435,0.40323997316047244,1,13.0,8.0,15.0,9.0,79.0,18.0,11.0,18.0,0.0,1015.0,1
2019-03-06,64,0.8996308696522433,0.43665123195606403,0.39282492753935727,2,13.0,7.0,18.0,7.0,70.0,20.0,13.0,28.0,0.0,1019.0,1
2019-03-07,52,0.9070138128026359,0.4211008707960896,0.3819443063952714,3,15.0,9.0,19.0,7.0,57.0,21.0,22.0,41.0,0.0,1015.0,1
2019-03-08,100,0.9141279881853337,0.40542572835999735,0.370611005424298,4,14.0,10.0,18.0,11.0,82.0,17.0,8.0,15.0,0.0,1020.0,-1
2019-03-09,178,0.9209712877166346,0.38963044953078796,0.358838456837981,5,12.0,8.0,18.0,9.0,81.0,16.0,8.0,13.0,0.0,1024.0,1
2019-03-10,178,0.9275416835791966,0.37371971479046906,0.34664061344348884,6,13.0,11.0,14.0,10.0,80.0,21.0,16.0,24.0,0.0,1023.0,-1
2019-03-11,57,0.9338372288229251,0.3576982388331257,0.3340319321067669,0,13.0,7.0,17.0,9.0,77.0,17.0,13.0,44.0,0.0,1014.0,-1
2019-03-12,78,0.9398560579418954,0.3415707691678556,0.3210273566182819,1,10.0,5.0,15.0,2.0,38.0,20.0,29.0,44.0,0.0,1019.0,1
2019-03-13,86,0.9455963874271425,0.32534208471198034,0.307642299981664,2,9.0,3.0,15.0,8.0,61.0,19.0,10.0,17.0,0.0,1016.0,-1
2019-03-14,68,0.9510565162951535,0.30901699437494745,0.29389262614623657,3,10.0,6.0,16.0,5.0,68.0,21.0,16.0,33.0,0.0,1012.0,1
2019-03-15,93,0.9562348265919056,0.2926003356333486,0.27979463120508846,4,11.0,4.0,17.0,5.0,69.0,17.0,9.0,21.0,0.0,1014.0,1
2019-03-16,174,0.9611297838723007,0.27609697309746906,0.26536502408096685,5,13.0,9.0,16.0,10.0,79.0,16.0,9.0,15.0,0.0,1019.0,-1
2019-03-17,169,0.9657399376548549,0.2595117970697999,0.2506209067228879,6,12.0,7.0,17.0,8.0,79.0,21.0,9.0,15.0,0.0,1017.0,1
2019-03-18,79,0.970063921851507,0.2428497220959358,0.23557975383693208,0,12.0,9.0,15.0,7.0,74.0,19.0,13.0,22.0,0.0,1014.0,-1
2019-03-19,52,0.9741004551724205,0.22611568550828828,0.2202593921752475,1,11.0,7.0,14.0,5.0,68.0,20.0,9.0,17.0,0.0,1016.0,1
2019-03-20,75,0.9778483415056568,0.20931464596304866,0.20467797940781085,2,10.0,6.0,16.0,3.0,62.0,21.0,11.0,21.0,0.0,1021.0,1
2019-03-21,67,0.9813064702716093,0.19245158197082995,0.18885398260198244,3,13.0,6.0,22.0,3.0,51.0,19.0,14.0,21.0,0.0,1023.0,1
2019-03-22,81,0.9844738167520922,0.1755314904214282,0.17280615633536675,4,14.0,8.0,22.0,4.0,52.0,21.0,10.0,21.0,0.0,1024.0,1
2019-03-23,162,0.9873494423939864,0.15855938510313453,0.1565535204679132,5,14.0,8.0,21.0,5.0,55.0,19.0,7.0,13.0,0.0,1022.0,1
2019-03-24,167,0.989932495087353,0.14154029521704323,0.14011533759960815,6,14.0,8.0,21.0,5.0,55.0,20.0,7.0,15.0,0.0,1021.0,1
2019-03-25,70,0.9922222094179323,0.12447926388678936,0.12351109024046797,0,12.0,6.0,18.0,4.0,58.0,21.0,9.0,18.0,0.0,1015.0,1
2019-03-26,63,0.994217906893952,0.10738134666416307,0.10676045771989806,1,11.0,8.0,14.0,6.0,70.0,18.0,11.0,17.0,0.0,1011.0,-1
2019-03-27,121,0.995918996147179,0.09025161003104115,0.08988329286278118,2,12.0,10.0,17.0,3.0,53.0,21.0,9.0,18.0,0.0,1018.0,-1
2019-03-28,83,0.9973249731081555,0.07309512989807755,0.07289959845993732,3,12.0,6.0,19.0,2.0,44.0,21.0,10.0,18.0,0.0,1021.0,1
2019-03-29,81,0.9984354211555643,0.05591699010060326,0.055829503560847336,4,12.0,6.0,19.0,3.0,43.0,21.0,11.0,24.0,0.0,1025.0,1
2019-03-30,162,0.9992500112396835,0.03872228089217446,0.03869323961673151,5,12.0,5.0,18.0,2.0,52.0,20.0,8.0,13.0,0.0,1023.0,1
2019-03-31,186,0.9997685019798909,0.021516097436222258,0.021511116502265296,6,13.0,6.0,19.0,5.0,59.0,19.0,8.0,15.0,0.0,1017.0,1
2019-04-01,58,0.9999907397361901,0.004303538296244289,0.00430349844434435,0,13.0,7.0,20.0,6.0,62.0,20.0,6.0,15.0,0.0,1014.0,1
2019-04-02,85,0.9999166586547379,-0.012910296075009042,-0.01290922011356642,1,13.0,9.0,19.0,7.0,67.0,21.0,8.0,17.0,0.0,1015.0,1
2019-04-03,105,0.9995462806873573,-0.030120304846908114,-0.030106638682896387,2,12.0,8.0,15.0,8.0,73.0,20.0,17.0,28.0,0.0,1011.0,1
2019-04-04,82,0.9988797155850336,-0.04732138832243185,-0.04726837490859966,3,13.0,9.0,16.0,8.0,74.0,16.0,28.0,42.0,0.0,1002.0,-1
2019-04-05,149,0.9979171608653922,-0.06450844944931623,-0.06437408872629033,4,11.0,5.0,15.0,5.0,71.0,19.0,8.0,15.0,0.0,1004.0,1
2019-04-06,170,0.9966589017541702,-0.08167639533042242,-0.08140350646925824,5,11.0,6.0,18.0,5.0,69.0,20.0,8.0,13.0,0.0,1006.0,1
2019-04-07,225,0.9951053111006976,-0.09882013873287143,-0.09833644489678812,6,12.0,10.0,15.0,7.0,72.0,19.0,9.0,17.0,0.0,1006.0,-1
2019-04-08,98,0.9932568492674143,-0.11593459959550043,-0.115152835115306,0,11.0,6.0,16.0,6.0,74.0,20.0,11.0,26.0,0.0,1008.0,1
2019-04-09,67,0.9911140639934547,-0.1330147065341959,-0.13183274636400363,1,12.0,7.0,17.0,7.0,69.0,20.0,11.0,21.0,0.0,1008.0,1
2019-04-10,74,0.9886775902323404,-0.1500553983446526,-0.14835640963674504,2,11.0,8.0,15.0,7.0,75.0,19.0,9.0,18.0,0.0,1007.0,-1
2019-04-11,108,0.9859481499638304,-0.16705162550211902,-0.1647042411122649,3,12.0,7.0,17.0,7.0,73.0,19.0,9.0,15.0,0.0,1007.0,-1
2019-04-12,92,0.9829265519799822,-0.18399835165768005,-0.1808568653648837,4,12.0,8.0,15.0,8.0,81.0,19.0,7.0,13.0,0.0,1009.0,-1
2019-04-13,185,0.9796136916454901,-0.20089055513063528,-0.19679513832823348,5,12.0,8.0,16.0,8.0,80.0,20.0,7.0,17.0,0.0,1011.0,-1
2019-04-14,186,0.9760105506323683,-0.21772323039653177,-0.21250016998477697,6,11.0,8.0,16.0,7.0,76.0,18.0,11.0,22.0,0.0,1010.0,-1
2019-04-15,108,0.9721181966290613,-0.23449138957040966,-0.22795334675422932,0,13.0,5.0,20.0,5.0,63.0,20.0,12.0,21.0,0.0,1013.0,1
2019-04-16,124,0.9679377830240643,-0.2511900638848191,-0.2431363535543449,1,14.0,9.0,18.0,7.0,61.0,21.0,10.0,17.0,0.0,1019.0,1
2019-04-17,108,0.9634705485641488,-0.2678143051621742,-0.2580311955079263,2,13.0,7.0,19.0,6.0,65.0,18.0,8.0,15.0,0.0,1019.0,1
2019-04-18,139,0.9587178169872964,-0.2843591872810036,-0.2726202192703256,3,15.0,8.0,20.0,6.0,58.0,20.0,7.0,15.0,0.0,1021.0,1
2019-04-19,160,0.9536809966304456,-0.30081980763566757,-0.2868861339521624,4,16.0,12.0,21.0,4.0,45.0,20.0,8.0,15.0,0.0,1026.0,1
2019-04-20,238,0.9483615800121716,-0.3171912885891059,-0.3008120316124612,5,16.0,9.0,21.0,4.0,46.0,21.0,8.0,17.0,0.0,1024.0,1
2019-04-21,0,0.9427611433904207,-0.3334687789181868,-0.31438140729791725,6,17.0,13.0,20.0,4.0,44.0,19.0,6.0,17.0,0.0,1018.0,-1
2019-04-22,224,0.9368813462954315,-0.3496474552512284,-0.3275781786045425,0,17.0,13.0,22.0,6.0,51.0,17.0,12.0,24.0,0.0,1008.0,-1
2019-04-23,180,0.9307239310379793,-0.3657225234972692,-0.34038670473850813,1,17.0,15.0,20.0,11.0,71.0,15.0,25.0,42.0,0.0,1005.0,-1
2019-04-24,135,0.9242907221930933,-0.38168922026665897,-0.35279180505358887,2,19.0,14.0,24.0,11.0,62.0,17.0,9.0,17.0,0.0,1015.0,1
2019-04-25,155,0.9175836260593938,-0.3975428142825558,-0.3647787770432437,3,20.0,13.0,27.0,9.0,52.0,20.0,8.0,17.0,0.0,1017.0,1
2019-04-26,205,0.9106046300942163,-0.4132786077829042,-0.3763334137660042,4,18.0,12.0,22.0,11.0,65.0,14.0,9.0,18.0,0.0,1017.0,-1
2019-04-27,151,0.9033558023246845,-0.4288919379124835,-0.3874420206835203,5,15.0,10.0,19.0,9.0,71.0,20.0,10.0,18.0,0.0,1018.0,1
2019-04-28,221,0.8958392907349089,-0.4443781781046132,-0.3980914318913077,6,13.0,8.0,17.0,8.0,73.0,18.0,13.0,22.0,0.0,1014.0,-1
2019-04-29,101,0.8880573226294932,-0.45973273945210397,-0.4082690257229578,0,11.0,8.0,14.0,7.0,77.0,19.0,10.0,24.0,0.0,1011.0,-1
2019-04-30,106,0.8800122039735357,-0.47495107206704995,-0.41796273970931824,1,11.0,5.0,17.0,6.0,71.0,20.0,8.0,18.0,0.0,1014.0,1
2019-05-01,0,0.8717063187093219,-0.4900286664290592,-0.42716108487491344,2,13.0,9.0,19.0,8.0,74.0,18.0,8.0,18.0,0.0,1014.0,-1
2019-05-02,148,0.8631421280499114,-0.5049610547215203,-0.4358531593546608,3,14.0,8.0,20.0,9.0,74.0,20.0,8.0,15.0,0.0,1015.0,1
2019-05-03,117,0.8543221697498271,-0.5197438121555154,-0.44402866131474644,4,15.0,10.0,20.0,8.0,65.0,19.0,14.0,22.0,0.0,1012.0,1
2019-05-04,306,0.8452490573530633,-0.5343725582809786,-0.4516779011623421,5,13.0,11.0,17.0,11.0,89.0,15.0,7.0,13.0,0.0,1004.0,-1
2019-05-05,264,0.8359254794186372,-0.5488429582847189,-0.4587918130296967,6,12.0,7.0,15.0,8.0,76.0,16.0,15.0,30.0,0.0,1002.0,-1
2019-05-06,96,0.8263541987239096,-0.5631507242749185,-0.4653619655189896,0,11.0,6.0,16.0,5.0,68.0,19.0,17.0,31.0,0.0,1008.0,-1
2019-05-07,86,0.8165380514459162,-0.5772916165517272,-0.47138057169521036,1,12.0,5.0,18.0,4.0,59.0,19.0,9.0,21.0,0.0,1019.0,1
2019-05-08,76,0.8064799463209449,-0.591261444863578,-0.4768404983152227,2,13.0,7.0,18.0,7.0,66.0,17.0,13.0,22.0,0.0,1017.0,1
2019-05-09,93,0.7961828637826158,-0.6050560696488487,-0.48173527428207424,3,16.0,13.0,20.0,10.0,69.0,20.0,19.0,42.0,0.0,1008.0,-1
2019-05-10,133,0.7856498550787147,-0.618671403262503,-0.48605909831453054,4,16.0,11.0,22.0,10.0,68.0,16.0,9.0,18.0,0.0,1013.0,1
2019-05-11,294,0.7748840413670407,-0.6321034111873486,-0.489806845822745,5,16.0,10.0,21.0,9.0,63.0,19.0,8.0,15.0,0.0,1016.0,1
2019-05-12,258,0.7638886127905428,-0.6453481132295501,-0.49297407498191514,6,14.0,11.0,19.0,11.0,81.0,19.0,10.0,22.0,0.0,1009.0,-1
2019-05-13,102,0.7526668275320085,-0.6584015846980487,-0.4955570319967273,0,14.0,11.0,18.0,8.0,69.0,20.0,13.0,22.0,0.0,1009.0,-1
2019-05-14,78,0.741222010848596,-0.6712599575675313,-0.4975526555503488,1,15.0,10.0,19.0,7.0,61.0,20.0,14.0,22.0,0.0,1011.0,-1
2019-05-15,112,0.7295575540864878,-0.6839194216246103,-0.4989585804326961,2,9.0,8.0,11.0,7.0,86.0,13.0,13.0,18.0,0.0,1010.0,-1
2019-05-16,83,0.717676913675962,-0.6963762255968722,-0.49977314034367865,3,14.0,7.0,21.0,7.0,65.0,19.0,11.0,18.0,0.0,1010.0,1
2019-05-17,133,0.705583610107178,-0.7086266782644596,-0.49999536986809506,4,16.0,10.0,20.0,8.0,63.0,20.0,13.0,22.0,0.0,1009.0,1
2019-05-18,253,0.6932812268869777,-0.720667149553861,-0.4996250056198418,5,16.0,14.0,18.0,12.0,77.0,16.0,19.0,37.0,0.0,1005.0,-1
2019-05-19,220,0.6807734094770165,-0.7324940716135786,-0.4986624865540778,6,15.0,13.0,18.0,12.0,81.0,18.0,11.0,18.0,0.0,1006.0,-1
2019-05-20,92,0.6680638642135338,-0.7441039398713604,-0.49710895344697603,0,14.0,10.0,18.0,10.0,79.0,16.0,11.0,21.0,0.0,1010.0,-1
2019-05-21,80,0.6551563572090853,-0.7554933140726803,-0.4949662475436766,1,15.0,12.0,19.0,12.0,79.0,15.0,12.0,18.0,0.0,1014.0,-1
2019-05-22,117,0.6420547132365637,-0.766658819300159,-0.4922369083760461,2,16.0,11.0,20.0,11.0,71.0,20.0,11.0,18.0,0.0,1016.0,1
2019-05-23,111,0.6287628145958347,-0.7775971469736267,-0.48892417075282846,3,16.0,11.0,21.0,11.0,70.0,20.0,8.0,15.0,0.0,1016.0,-1
2019-05-24,144,0.615284599963328,-0.7883050558305252,-0.4850319609257536,4,17.0,11.0,22.0,12.0,77.0,19.0,8.0,15.0,0.0,1015.0,1
2019-05-25,231,0.6016240632249229,-0.7987793728863647,-0.48056489193615054,5,17.0,11.0,21.0,13.0,78.0,18.0,8.0,15.0,0.0,1014.0,-1
2019-05-26,260,0.5877852522924732,-0.8090169943749473,-0.4755282581475768,6,15.0,13.0,17.0,13.0,87.0,14.0,8.0,18.0,0.0,1011.0,-1
2019-05-27,101,0.5737722679043249,-0.8190148866680798,-0.46992802897094776,0,16.0,14.0,19.0,13.0,82.0,16.0,10.0,18.0,0.0,1005.0,-1
2019-05-28,78,0.5595892624101769,-0.8287700871745035,-0.46377084178959843,1,17.0,14.0,20.0,14.0,81.0,19.0,12.0,18.0,0.0,1007.0,-1
2019-05-29,82,0.5452404385406513,-0.8382797052177741,-0.457063994092667,2,16.0,14.0,19.0,12.0,75.0,19.0,14.0,22.0,0.0,1012.0,-1
2019-05-30,110,0.5307300481619337,-0.8475409228928309,-0.44981543482612185,3,16.0,13.0,19.0,12.0,79.0,18.0,6.0,13.0,0.0,1019.0,-1
2019-05-31,126,0.5160623910158528,-0.8565509959010036,-0.44203375497168185,4,16.0,11.0,20.0,12.0,81.0,19.0,8.0,17.0,0.0,1021.0,-1
2019-06-01,248,0.5012418134457758,-0.865307254363206,-0.4337281773647986,5,18.0,11.0,25.0,11.0,64.0,19.0,9.0,18.0,0.0,1019.0,1
2019-06-02,239,0.4862727071086904,-0.8738071036110806,-0.4249085457637641,6,19.0,13.0,25.0,14.0,70.0,19.0,9.0,21.0,0.0,1017.0,1
2019-06-03,126,0.47115950767386416,-0.8820480249558535,-0.4155853131829042,0,20.0,14.0,25.0,15.0,75.0,19.0,9.0,17.0,0.0,1016.0,1
2019-06-04,109,0.4559066935084588,-0.8900275764346767,-0.4057695295036805,1,20.0,15.0,25.0,15.0,72.0,19.0,7.0,15.0,0.0,1015.0,1
2019-06-05,172,0.440518784350495,-0.8977433935342337,-0.3954728283783887,2,20.0,14.0,25.0,15.0,74.0,20.0,8.0,15.0,0.0,1013.0,1
2019-06-06,156,0.4250003399695541,-0.9051931898913974,-0.38470741344196907,3,21.0,15.0,26.0,15.0,70.0,20.0,10.0,21.0,0.0,1015.0,1
2019-06-07,188,0.40935595881562176,-0.9123747579707272,-0.3734860438482779,4,23.0,15.0,30.0,12.0,54.0,20.0,12.0,22.0,0.0,1018.0,1
2019-06-08,273,0.3935902766564671,-0.9192859697186103,-0.3618220191479565,5,25.0,19.0,29.0,14.0,52.0,20.0,9.0,24.0,0.0,1020.0,1
2019-06-09,287,0.3777079652039649,-0.9259247771938498,-0.34972916352582356,6,26.0,19.0,33.0,15.0,52.0,20.0,9.0,21.0,0.0,1019.0,1
2019-06-10,119,0.36171373072976765,-0.9322892131745133,-0.33722180941647284,0,27.0,18.0,33.0,13.0,43.0,22.0,11.0,24.0,0.0,1012.0,1
2019-06-11,133,0.3456123126707335,-0.9383773917408641,-0.3243147805174909,1,25.0,18.0,31.0,16.0,59.0,19.0,10.0,22.0,0.0,1010.0,1
2019-06-12,127,0.3294084822245304,-0.9441875088341993,-0.31102337422043397,2,24.0,19.0,29.0,17.0,65.0,20.0,10.0,18.0,0.0,1010.0,1
2019-06-13,156,0.3131070409358265,-0.9497178427914318,-0.2973633434803816,3,24.0,18.0,31.0,16.0,63.0,19.0,8.0,15.0,0.0,1015.0,1
2019-06-14,183,0.2967128192734903,-0.9549667548552552,-0.28335087814555887,4,27.0,20.0,35.0,17.0,55.0,18.0,9.0,21.0,0.0,1016.0,1
2019-06-15,315,0.2802306751992163,-0.9599326896597445,-0.26900258576915,5,26.0,21.0,30.0,17.0,59.0,20.0,10.0,18.0,0.0,1015.0,-1
2019-06-16,230,0.26366549272800743,-0.9646141756912434,-0.25433547192605244,6,24.0,19.0,29.0,17.0,65.0,21.0,8.0,15.0,0.0,1014.0,1
2019-06-17,160,0.24702218048093594,-0.9690098257244061,-0.2393669200578945,0,23.0,15.0,28.0,15.0,66.0,19.0,7.0,15.0,0.0,1014.0,1
2019-06-18,134,0.23030567023061221,-0.9731183372332619,-0.2241146708702053,1,24.0,17.0,30.0,16.0,62.0,22.0,7.0,17.0,0.0,1014.0,1
2019-06-19,176,0.21352091543979612,-0.9769384927771817,-0.20859680130615849,2,24.0,18.0,29.0,16.0,63.0,21.0,7.0,15.0,0.0,1014.0,1
2019-06-20,143,0.19667288979357647,-0.980469160361632,-0.1928317031218037,3,25.0,18.0,31.0,15.0,57.0,19.0,8.0,15.0,0.0,1014.0,1
2019-06-21,136,0.17976658572556237,-0.9837092937736097,-0.17683806108818603,4,26.0,19.0,31.0,13.0,47.0,19.0,9.0,15.0,0.0,1015.0,1
2019-06-22,290,0.16280701293851713,-0.986657932891657,-0.16063483084618257,5,26.0,22.0,31.0,14.0,47.0,17.0,17.0,39.0,0.0,1014.0,-1
2019-06-23,174,0.14579919691987467,-0.9893142039703663,-0.1442412164403045,6,25.0,18.0,30.0,17.0,64.0,20.0,8.0,15.0,0.0,1014.0,1
2019-06-24,127,0.12874817745258088,-0.99167731989929,-0.1276766475580936,0,26.0,20.0,32.0,17.0,57.0,19.0,7.0,17.0,0.0,1016.0,1
2019-06-25,101,0.11165900712169467,-0.993746580436178,-0.11096075650208292,1,27.0,21.0,32.0,16.0,53.0,20.0,9.0,17.0,0.0,1019.0,1
2019-06-26,125,0.09453674981719956,-0.9955213724144752,-0.0941133549216224,2,28.0,21.0,34.0,17.0,52.0,20.0,8.0,17.0,0.0,1020.0,1
2019-06-27,197,0.07738647923346302,-0.9970011699250151,-0.07715441033214052,3,29.0,23.0,36.0,14.0,41.0,20.0,12.0,22.0,0.0,1017.0,1
2019-06-28,237,0.06021327736579302,-0.9981855344718586,-0.06010402244967638,4,29.0,22.0,36.0,16.0,46.0,20.0,9.0,17.0,0.0,1014.0,1
2019-06-29,353,0.04302223300453059,-0.99907411510223,-0.042982399368723355,5,29.0,23.0,35.0,14.0,42.0,19.0,13.0,22.0,0.0,1015.0,1
2019-06-30,289,0.02581844022713308,-0.9996666485105112,-0.02580983361162709,6,27.0,20.0,33.0,13.0,43.0,22.0,8.0,15.0,0.0,1018.0,1
2019-07-01,160,0.0086069968886887,-0.9999629591162655,-0.008606678077917642,0,28.0,21.0,33.0,12.0,38.0,20.0,8.0,17.0,0.0,1018.0,1
2019-07-02,150,-0.008606996888688453,-0.9999629591162655,0.008606678077917396,1,28.0,21.0,34.0,14.0,43.0,20.0,8.0,17.0,0.0,1014.0,1
2019-07-03,148,-0.02581844022713284,-0.9996666485105112,0.025809833611626847,2,28.0,22.0,34.0,15.0,46.0,20.0,7.0,17.0,0.0,1014.0,1
2019-07-04,199,-0.04302223300453034,-0.99907411510223,0.042982399368723105,3,27.0,21.0,33.0,14.0,46.0,20.0,8.0,13.0,0.0,1016.0,1
2019-07-05,188,-0.060213277365792774,-0.9981855344718586,0.06010402244967613,4,27.0,20.0,33.0,16.0,52.0,20.0,9.0,21.0,0.0,1016.0,1
2019-07-06,485,-0.07738647923346277,-0.9970011699250151,0.07715441033214027,5,27.0,20.0,34.0,16.0,53.0,19.0,8.0,15.0,0.0,1014.0,1
2019-07-07,434,-0.09453674981719931,-0.9955213724144752,0.09411335492162215,6,27.0,21.0,33.0,18.0,61.0,20.0,12.0,22.0,0.0,1012.0,1
2019-07-08,279,-0.11165900712169442,-0.9937465804361781,0.11096075650208269,0,28.0,22.0,33.0,21.0,66.0,21.0,9.0,15.0,0.0,1012.0,1
2019-07-09,280,-0.12874817745258066,-0.99167731989929,0.12767664755809338,1,28.0,25.0,35.0,20.0,61.0,20.0,12.0,22.0,0.0,1012.0,-1
2019-07-10,310,-0.14579919691987445,-0.9893142039703664,0.1442412164403043,2,26.0,20.0,30.0,19.0,63.0,19.0,14.0,26.0,0.0,1008.0,-1
2019-07-11,241,-0.16280701293851646,-0.9866579328916572,0.16063483084618194,3,24.0,18.0,29.0,16.0,62.0,21.0,10.0,15.0,0.0,1012.0,1
2019-07-12,240,-0.17976658572556214,-0.9837092937736098,0.17683806108818584,4,25.0,20.0,30.0,18.0,66.0,18.0,10.0,17.0,0.0,1012.0,1
2019-07-13,313,-0.19667288979357625,-0.9804691603616321,0.1928317031218035,5,25.0,20.0,29.0,19.0,69.0,20.0,11.0,26.0,0.0,1009.0,-1
2019-07-14,346,-0.2135209154397959,-0.9769384927771817,0.20859680130615826,6,24.0,19.0,29.0,16.0,61.0,21.0,10.0,17.0,0.0,1009.0,1
2019-07-15,174,-0.230305670230612,-0.973118337233262,0.22411467087020512,0,24.0,22.0,27.0,14.0,52.0,20.0,8.0,15.0,0.0,1007.0,-1
2019-07-16,138,-0.24702218048093572,-0.9690098257244062,0.23936692005789434,1,25.0,17.0,31.0,11.0,46.0,21.0,13.0,28.0,0.0,1008.0,-1
2019-07-17,172,-0.26366549272800727,-0.9646141756912435,0.25433547192605227,2,25.0,18.0,30.0,11.0,44.0,19.0,9.0,17.0,0.0,1012.0,1
2019-07-18,153,-0.2802306751992161,-0.9599326896597445,0.26900258576914976,3,24.0,19.0,30.0,14.0,52.0,19.0,8.0,18.0,0.0,1012.0,1
2019-07-19,183,-0.2967128192734901,-0.9549667548552553,0.28335087814555865,4,25.0,19.0,30.0,16.0,61.0,21.0,8.0,17.0,0.0,1016.0,1
2019-07-20,317,-0.31310704093582625,-0.9497178427914318,0.29736334348038146,5,25.0,19.0,31.0,15.0,55.0,19.0,7.0,15.0,0.0,1018.0,1
2019-07-21,299,-0.3294084822245298,-0.9441875088341996,0.31102337422043347,6,26.0,19.0,33.0,14.0,50.0,18.0,9.0,18.0,0.0,1020.0,1
2019-07-22,141,-0.3456123126707333,-0.9383773917408642,0.32431478051749074,0,27.0,19.0,34.0,13.0,44.0,20.0,9.0,17.0,0.0,1020.0,1
2019-07-23,170,-0.3617137307297674,-0.9322892131745134,0.3372218094164727,1,29.0,22.0,35.0,15.0,45.0,21.0,7.0,17.0,0.0,1017.0,1
2019-07-24,149,-0.37770796520396466,-0.9259247771938499,0.3497291635258234,2,29.0,23.0,35.0,14.0,41.0,20.0,8.0,15.0,0.0,1016.0,1
2019-07-25,172,-0.3935902766564669,-0.9192859697186104,0.3618220191479563,3,30.0,24.0,35.0,15.0,42.0,18.0,8.0,15.0,0.0,1016.0,1
2019-07-26,175,-0.40935595881562153,-0.9123747579707273,0.3734860438482777,4,29.0,24.0,35.0,16.0,44.0,22.0,8.0,17.0,0.0,1012.0,1
2019-07-27,276,-0.42500033996955394,-0.9051931898913975,0.38470741344196896,5,27.0,22.0,31.0,19.0,63.0,21.0,19.0,35.0,0.0,1006.0,1
2019-07-28,398,-0.4405187843504948,-0.8977433935342338,0.39547282837838854,6,23.0,19.0,25.0,19.0,82.0,16.0,17.0,44.0,0.0,1000.0,-1
2019-07-29,135,-0.45590669350845864,-0.8900275764346768,0.40576952950368045,0,24.0,19.0,30.0,17.0,66.0,22.0,8.0,15.0,0.0,1007.0,1
2019-07-30,196,-0.4711595076738636,-0.8820480249558538,0.4155853131829038,1,25.0,20.0,31.0,17.0,62.0,21.0,9.0,22.0,0.0,1011.0,1
2019-07-31,186,-0.4862727071086898,-0.8738071036110809,0.42490854576376375,2,26.0,20.0,33.0,18.0,65.0,20.0,7.0,15.0,0.0,1014.0,1
2019-08-01,139,-0.5012418134457756,-0.8653072543632061,0.4337281773647984,3,26.0,20.0,33.0,16.0,55.0,19.0,9.0,18.0,0.0,1015.0,1
2019-08-02,200,-0.5160623910158526,-0.8565509959010037,0.44203375497168174,4,26.0,20.0,33.0,14.0,49.0,19.0,12.0,26.0,0.0,1012.0,-1
2019-08-03,262,-0.5307300481619335,-0.847540922892831,0.44981543482612174,5,26.0,20.0,32.0,16.0,57.0,22.0,10.0,22.0,0.0,1010.0,1
2019-08-04,196,-0.5452404385406511,-0.8382797052177742,0.4570639940926669,6,25.0,19.0,31.0,16.0,56.0,20.0,8.0,15.0,0.0,1013.0,1
2019-08-05,106,-0.5595892624101767,-0.8287700871745036,0.4637708417895983,0,26.0,20.0,32.0,12.0,41.0,19.0,8.0,17.0,0.0,1016.0,1
2019-08-06,125,-0.5737722679043248,-0.81901488666808,0.46992802897094776,1,26.0,21.0,32.0,13.0,43.0,20.0,8.0,15.0,0.0,1016.0,1
2019-08-07,114,-0.587785252292473,-0.8090169943749475,0.4755282581475767,2,27.0,20.0,34.0,12.0,41.0,20.0,12.0,21.0,0.0,1013.0,1
2019-08-08,127,-0.6016240632249223,-0.798779372886365,0.4805648919361503,3,28.0,25.0,33.0,17.0,52.0,19.0,8.0,15.0,0.0,1011.0,1
2019-08-09,142,-0.6152845999633274,-0.7883050558305256,0.4850319609257534,4,28.0,24.0,33.0,19.0,58.0,21.0,8.0,17.0,0.0,1013.0,1
2019-08-10,133,-0.6287628145958345,-0.7775971469736269,0.48892417075282846,5,29.0,23.0,35.0,18.0,54.0,19.0,7.0,17.0,0.0,1015.0,1
2019-08-11,154,-0.6420547132365636,-0.7666588193001591,0.4922369083760461,6,29.0,23.0,36.0,17.0,50.0,22.0,7.0,17.0,0.0,1015.0,1
2019-08-12,111,-0.655156357209085,-0.7554933140726804,0.49496624754367646,0,30.0,23.0,37.0,16.0,46.0,20.0,8.0,17.0,0.0,1012.0,1
2019-08-13,114,-0.6680638642135336,-0.7441039398713605,0.4971089534469759,1,29.0,23.0,36.0,18.0,53.0,20.0,9.0,17.0,0.0,1010.0,1
2019-08-14,116,-0.6807734094770164,-0.7324940716135788,0.49866248655407786,2,26.0,21.0,30.0,18.0,63.0,20.0,11.0,22.0,0.0,1011.0,1
2019-08-15,53,-0.6932812268869775,-0.7206671495538611,0.49962500561984174,3,25.0,20.0,31.0,14.0,56.0,19.0,11.0,24.0,0.0,1013.0,1
2019-08-16,88,-0.7055836101071777,-0.7086266782644597,0.499995369868095,4,25.0,19.0,30.0,16.0,61.0,19.0,8.0,17.0,0.0,1014.0,1
2019-08-17,136,-0.7176769136759618,-0.6963762255968724,0.49977314034367865,5,25.0,20.0,31.0,18.0,64.0,20.0,8.0,17.0,0.0,1016.0,1
2019-08-18,102,-0.7295575540864874,-0.6839194216246108,0.4989585804326962,6,25.0,20.0,32.0,16.0,57.0,22.0,7.0,15.0,0.0,1016.0,1
2019-08-19,100,-0.7412220108485954,-0.6712599575675319,0.4975526555503488,0,26.0,20.0,32.0,13.0,46.0,20.0,8.0,15.0,0.0,1017.0,1
2019-08-20,101,-0.7526668275320083,-0.658401584698049,0.4955570319967274,1,27.0,21.0,33.0,13.0,44.0,20.0,8.0,17.0,0.0,1017.0,1
2019-08-21,87,-0.7638886127905429,-0.64534811322955,0.49297407498191514,2,26.0,20.0,32.0,16.0,55.0,22.0,7.0,15.0,0.0,1017.0,1
2019-08-22,92,-0.7748840413670406,-0.6321034111873489,0.48980684582274514,3,27.0,22.0,32.0,19.0,64.0,17.0,8.0,15.0,0.0,1018.0,1
2019-08-23,88,-0.7856498550787144,-0.6186714032625034,0.48605909831453065,4,27.0,22.0,32.0,17.0,59.0,21.0,8.0,18.0,0.0,1018.0,1
2019-08-24,170,-0.7961828637826154,-0.6050560696488494,0.4817352742820745,5,26.0,20.0,31.0,16.0,54.0,20.0,9.0,18.0,0.0,1017.0,1
2019-08-25,127,-0.8064799463209447,-0.5912614448635783,0.47684049831522285,6,24.0,19.0,31.0,17.0,63.0,19.0,8.0,28.0,0.0,1016.0,-1
2019-08-26,95,-0.8165380514459157,-0.5772916165517278,0.4713805716952106,0,25.0,20.0,29.0,19.0,70.0,17.0,6.0,13.0,0.0,1016.0,-1
2019-08-27,114,-0.8263541987239094,-0.5631507242749189,0.4653619655189898,1,25.0,20.0,31.0,18.0,66.0,20.0,6.0,13.0,0.0,1017.0,1
2019-08-28,85,-0.8359254794186365,-0.5488429582847199,0.4587918130296971,2,26.0,21.0,31.0,19.0,68.0,19.0,8.0,21.0,0.0,1017.0,1
2019-08-29,91,-0.8452490573530629,-0.5343725582809793,0.4516779011623424,3,25.0,20.0,30.0,18.0,64.0,21.0,7.0,15.0,0.0,1017.0,1
2019-08-30,104,-0.8543221697498269,-0.5197438121555157,0.4440286613147466,4,26.0,20.0,32.0,18.0,63.0,19.0,7.0,15.0,0.0,1017.0,1
2019-08-31,129,-0.8631421280499115,-0.5049610547215202,0.4358531593546608,5,26.0,21.0,32.0,17.0,62.0,19.0,7.0,22.0,0.0,1015.0,-1
2019-09-01,169,-0.8717063187093217,-0.49002866642905946,0.4271610848749136,6,24.0,20.0,30.0,18.0,71.0,17.0,8.0,31.0,0.0,1012.0,-1
2019-09-02,63,-0.8800122039735356,-0.4749510720670501,0.41796273970931835,0,23.0,20.0,29.0,19.0,75.0,15.0,7.0,18.0,0.0,1013.0,-1
2019-09-03,76,-0.888057322629493,-0.4597327394521046,0.40826902572295826,1,23.0,18.0,30.0,18.0,73.0,15.0,8.0,18.0,0.0,1014.0,1
2019-09-04,157,-0.8958392907349089,-0.4443781781046134,0.39809143189130786,2,23.0,18.0,28.0,15.0,62.0,19.0,11.0,18.0,0.0,1014.0,1
2019-09-05,82,-0.9033558023246842,-0.4288919379124841,0.3874420206835207,3,23.0,18.0,29.0,14.0,60.0,20.0,7.0,13.0,0.0,1012.0,1
2019-09-06,135,-0.9106046300942162,-0.4132786077829044,0.3763334137660043,4,22.0,18.0,26.0,15.0,65.0,19.0,9.0,15.0,0.0,1013.0,1
2019-09-07,148,-0.9175836260593935,-0.39754281428255656,0.3647787770432443,5,22.0,17.0,27.0,14.0,62.0,21.0,9.0,15.0,0.0,1014.0,1
2019-09-08,213,-0.924290722193093,-0.3816892202666594,0.3527918050535892,6,21.0,17.0,25.0,14.0,64.0,21.0,11.0,18.0,0.0,1015.0,1
2019-09-09,94,-0.9307239310379793,-0.3657225234972692,0.34038670473850813,0,21.0,17.0,25.0,11.0,54.0,19.0,9.0,17.0,0.0,1014.0,1
2019-09-10,79,-0.9368813462954315,-0.34964745525122826,0.32757817860454236,1,21.0,16.0,27.0,14.0,63.0,19.0,7.0,13.0,0.0,1014.0,1
2019-09-11,95,-0.9427611433904206,-0.33346877891818705,0.3143814072979174,2,22.0,17.0,29.0,13.0,56.0,20.0,10.0,18.0,0.0,1018.0,1
2019-09-12,98,-0.9483615800121716,-0.3171912885891059,0.3008120316124612,3,23.0,16.0,29.0,11.0,50.0,19.0,10.0,22.0,0.0,1024.0,1
2019-09-13,59,-0.9536809966304455,-0.300819807635668,0.2868861339521628,4,23.0,18.0,31.0,12.0,52.0,21.0,8.0,21.0,0.0,1026.0,1
2019-09-14,189,-0.9587178169872964,-0.2843591872810036,0.2726202192703256,5,23.0,17.0,29.0,14.0,60.0,19.0,7.0,13.0,0.0,1025.0,1
2019-09-15,170,-0.9634705485641486,-0.26781430516217486,0.2580311955079269,6,23.0,18.0,29.0,14.0,58.0,20.0,7.0,11.0,0.0,1023.0,1
2019-09-16,81,-0.9679377830240642,-0.25119006388481957,0.24313635355434532,0,23.0,18.0,29.0,14.0,56.0,19.0,7.0,13.0,0.0,1019.0,1
2019-09-17,74,-0.9721181966290612,-0.23449138957041055,0.22795334675423015,1,22.0,16.0,28.0,13.0,60.0,22.0,7.0,15.0,0.0,1017.0,1
2019-09-18,77,-0.9760105506323682,-0.21772323039653224,0.2125001699847774,2,23.0,18.0,28.0,17.0,72.0,21.0,8.0,17.0,0.0,1016.0,-1
2019-09-19,73,-0.9796136916454901,-0.2008905551306353,0.1967951383282335,3,21.0,19.0,27.0,17.0,76.0,20.0,8.0,28.0,0.0,1015.0,-1
2019-09-20,125,-0.9829265519799822,-0.1839983516576799,0.18085686536488355,4,21.0,16.0,27.0,15.0,68.0,20.0,10.0,15.0,0.0,1019.0,1
2019-09-21,256,-0.9859481499638303,-0.1670516255021195,0.16470424111226534,5,19.0,13.0,25.0,13.0,65.0,21.0,8.0,11.0,0.0,1021.0,1
2019-09-22,190,-0.9886775902323404,-0.15005539834465262,0.14835640963674507,6,20.0,16.0,23.0,15.0,74.0,16.0,15.0,37.0,0.0,1017.0,-1
2019-09-23,74,-0.9911140639934546,-0.13301470653419636,0.13183274636400408,0,22.0,18.0,26.0,18.0,80.0,20.0,13.0,37.0,0.0,1013.0,-1
2019-09-24,79,-0.9932568492674143,-0.11593459959550065,0.11515283511530622,1,20.0,15.0,25.0,15.0,76.0,19.0,9.0,17.0,0.0,1013.0,1
2019-09-25,136,-0.9951053111006974,-0.09882013873287211,0.09833644489678879,2,21.0,16.0,26.0,16.0,75.0,21.0,8.0,15.0,0.0,1012.0,1
2019-09-26,80,-0.99665890175417,-0.08167639533042287,0.08140350646925867,3,22.0,18.0,26.0,16.0,71.0,21.0,7.0,11.0,0.0,1014.0,1
2019-09-27,88,-0.9979171608653922,-0.06450844944931713,0.06437408872629123,4,21.0,16.0,27.0,15.0,69.0,20.0,6.0,11.0,0.0,1018.0,1
2019-09-28,271,-0.9988797155850335,-0.047321388322432316,0.04726837490860012,5,21.0,17.0,26.0,16.0,74.0,22.0,8.0,15.0,0.0,1019.0,1
2019-09-29,207,-0.9995462806873573,-0.03012030484690836,0.030106638682896633,6,21.0,18.0,26.0,16.0,74.0,19.0,8.0,17.0,0.0,1018.0,1
2019-09-30,89,-0.9999166586547379,-0.012910296075008843,0.01290922011356622,0,21.0,17.0,25.0,16.0,76.0,19.0,8.0,13.0,0.0,1015.0,1
2019-10-01,94,-0.9999907397361901,0.004303538296243821,-0.004303498444343882,1,22.0,19.0,26.0,17.0,73.0,19.0,10.0,17.0,0.0,1013.0,-1
2019-10-02,116,-0.9997685019798909,0.021516097436222233,-0.02151111650226527,2,21.0,18.0,24.0,17.0,80.0,22.0,11.0,30.0,0.0,1007.0,-1
2019-10-03,93,-0.9992500112396835,0.03872228089217399,-0.038693239616731046,3,17.0,14.0,22.0,12.0,72.0,20.0,15.0,28.0,0.0,1006.0,-1
2019-10-04,109,-0.9984354211555643,0.05591699010060302,-0.055829503560847094,4,16.0,10.0,22.0,6.0,54.0,19.0,12.0,18.0,0.0,1011.0,1
2019-10-05,259,-0.9973249731081556,0.07309512989807687,-0.07289959845993665,5,19.0,14.0,24.0,13.0,70.0,22.0,9.0,13.0,0.0,1010.0,1
2019-10-06,220,-0.9959189961471792,0.09025161003104071,-0.08988329286278075,6,18.0,14.0,23.0,13.0,73.0,18.0,7.0,13.0,0.0,1012.0,1
2019-10-07,93,-0.9942179068939521,0.10738134666416219,-0.10676045771989719,0,18.0,15.0,22.0,11.0,67.0,19.0,10.0,18.0,0.0,1007.0,-1
2019-10-08,89,-0.9922222094179324,0.12447926388678869,-0.12351109024046732,1,17.0,11.0,23.0,8.0,58.0,21.0,10.0,22.0,0.0,1016.0,1
2019-10-09,169,-0.989932495087353,0.14154029521704298,-0.1401153375996079,2,18.0,13.0,24.0,11.0,65.0,20.0,9.0,17.0,0.0,1019.0,1
2019-10-10,82,-0.9873494423939864,0.15855938510313472,-0.1565535204679134,3,18.0,14.0,23.0,13.0,74.0,19.0,8.0,15.0,0.0,1017.0,1
2019-10-11,130,-0.9844738167520923,0.17553149042142774,-0.1728061563353663,4,18.0,13.0,25.0,14.0,75.0,20.0,7.0,15.0,0.0,1021.0,1
2019-10-12,246,-0.9813064702716093,0.19245158197082993,-0.1888539826019824,5,18.0,14.0,23.0,14.0,76.0,20.0,9.0,17.0,0.0,1023.0,1
2019-10-13,210,-0.9778483415056569,0.209314645963048,-0.20467797940781024,6,19.0,14.0,25.0,13.0,72.0,21.0,7.0,11.0,0.0,1023.0,1
2019-10-14,70,-0.9741004551724206,0.22611568550828803,-0.2202593921752473,0,20.0,16.0,25.0,15.0,74.0,21.0,6.0,11.0,0.0,1021.0,1
2019-10-15,83,-0.9700639218515072,0.24284972209593492,-0.23557975383693125,1,19.0,15.0,23.0,14.0,76.0,18.0,13.0,26.0,0.0,1016.0,-1
2019-10-16,90,-0.965739937654855,0.25951179706979943,-0.2506209067228875,2,18.0,15.0,21.0,13.0,74.0,19.0,10.0,18.0,0.0,1017.0,1
2019-10-17,136,-0.961129783872301,0.276096973097468,-0.2653650240809659,3,16.0,12.0,22.0,11.0,71.0,19.0,7.0,13.0,0.0,1019.0,1
2019-10-18,136,-0.9562348265919058,0.2926003356333479,-0.2797946312050879,4,17.0,11.0,22.0,11.0,68.0,21.0,7.0,13.0,0.0,1019.0,1
2019-10-19,260,-0.9510565162951536,0.30901699437494723,-0.2938926261462364,5,17.0,12.0,22.0,12.0,74.0,20.0,8.0,15.0,0.0,1018.0,1
2019-10-20,219,-0.9455963874271425,0.32534208471198034,-0.307642299981664,6,19.0,13.0,24.0,14.0,74.0,22.0,9.0,18.0,0.0,1019.0,1
2019-10-21,97,-0.9398560579418956,0.34157076916785517,-0.3210273566182815,0,19.0,15.0,26.0,14.0,71.0,21.0,7.0,15.0,0.0,1021.0,1
2019-10-22,70,-0.9338372288229252,0.35769823883312546,-0.33403193210676674,1,20.0,14.0,27.0,13.0,68.0,20.0,7.0,13.0,0.0,1021.0,1
2019-10-23,112,-0.9275416835791969,0.3737197147904684,-0.34664061344348834,2,20.0,14.0,27.0,12.0,62.0,20.0,9.0,15.0,0.0,1018.0,1
2019-10-24,81,-0.9209712877166347,0.38963044953078774,-0.3588384568379808,3,20.0,15.0,25.0,11.0,60.0,18.0,10.0,21.0,0.0,1015.0,-1
2019-10-25,135,-0.9141279881853341,0.4054257283599965,-0.37061100542429737,4,19.0,15.0,25.0,13.0,70.0,20.0,8.0,21.0,0.0,1015.0,-1
2019-10-26,225,-0.9070138128026362,0.42110087079608916,-0.3819443063952711,5,18.0,14.0,26.0,13.0,72.0,20.0,8.0,17.0,0.0,1021.0,1
2019-10-27,208,-0.8996308696522437,0.43665123195606304,-0.39282492753935655,6,17.0,13.0,23.0,12.0,70.0,21.0,7.0,13.0,0.0,1020.0,1
2019-10-28,59,-0.8919813464595484,0.4520722039323045,-0.40323997316047255,0,16.0,11.0,22.0,12.0,79.0,16.0,6.0,11.0,0.0,1017.0,1
2019-10-29,84,-0.8840675099433637,0.46735921715800205,-0.4131770993619546,1,16.0,13.0,21.0,13.0,82.0,18.0,7.0,9.0,0.0,1017.0,1
2019-10-30,89,-0.875891705144243,0.4825077417612184,-0.42262452867653166,2,17.0,13.0,21.0,13.0,80.0,20.0,7.0,13.0,0.0,1018.0,1
2019-10-31,105,-0.8674563547295971,0.4975132889071802,-0.4315710640249555,3,17.0,13.0,21.0,14.0,83.0,18.0,7.0,17.0,0.0,1017.0,-1
2019-11-01,226,-0.8587639582758031,0.5123714121284235,-0.4400061019867678,4,17.0,15.0,20.0,14.0,82.0,16.0,6.0,17.0,0.0,1014.0,-1
2019-11-02,292,-0.8498170915275283,0.5270777086423716,-0.44791964536745416,5,17.0,14.0,20.0,14.0,83.0,17.0,13.0,37.0,0.0,1010.0,-1
2019-11-03,243,-0.8406184056344783,0.5416278206559811,-0.45530231504710805,6,18.0,16.0,21.0,16.0,85.0,17.0,21.0,33.0,0.0,1000.0,-1
2019-11-04,72,-0.8311706263658084,0.5560174366570438,-0.4621453610965463,0,17.0,13.0,20.0,12.0,74.0,20.0,14.0,24.0,0.0,1004.0,-1
2019-11-05,79,-0.8214765533024145,0.5702422926917867,-0.4684406731477156,1,18.0,15.0,21.0,15.0,82.0,16.0,20.0,33.0,0.0,1005.0,-1
2019-11-06,102,-0.8115390590073611,0.5842981736283683,-0.47418079000608576,2,15.0,12.0,18.0,10.0,72.0,20.0,10.0,18.0,0.0,1006.0,-1
2019-11-07,109,-0.8013610881746764,0.5981809144059166,-0.4793589084936483,3,14.0,10.0,19.0,9.0,73.0,19.0,7.0,11.0,0.0,1008.0,-1
2019-11-08,138,-0.7909456567567774,0.6118864012687241,-0.483968891512032,4,14.0,11.0,17.0,11.0,81.0,19.0,16.0,33.0,0.0,1006.0,-1
2019-11-09,305,-0.7802958510707755,0.6254105729852464,-0.48800527531618415,5,11.0,8.0,15.0,8.0,80.0,17.0,10.0,18.0,0.0,1008.0,-1
2019-11-10,224,-0.7694148268839381,0.6387494220515267,-0.491463275989991,6,12.0,8.0,16.0,8.0,76.0,20.0,11.0,28.0,0.0,1008.0,-1
2019-11-11,59,-0.7583058084785625,0.6518989958787125,-0.4943387951161702,0,13.0,11.0,14.0,10.0,86.0,13.0,12.0,22.0,0.0,1009.0,-1
2019-11-12,88,-0.7469720876965558,0.6648553979642859,-0.4966284246337071,1,13.0,11.0,15.0,9.0,82.0,19.0,14.0,42.0,0.0,995.0,-1
2019-11-13,93,-0.7354170229639858,0.6776147890466887,-0.4983294508770851,2,12.0,9.0,16.0,8.0,75.0,20.0,9.0,15.0,0.0,1000.0,-1
2019-11-14,97,-0.723644038295913,0.6901733882429714,-0.49943985779251676,3,13.0,10.0,16.0,10.0,80.0,20.0,12.0,30.0,0.0,1006.0,-1
2019-11-15,121,-0.7116566222817751,0.7025274741691566,-0.499958329327369,4,15.0,14.0,17.0,12.0,81.0,15.0,26.0,44.0,0.0,1005.0,-1
2019-11-16,217,-0.6994583270516471,0.7146733860429608,-0.4998842509899454,5,15.0,13.0,19.0,11.0,74.0,19.0,20.0,50.0,0.0,1008.0,-1
2019-11-17,249,-0.6870527672236668,0.7266075247685657,-0.4992177105777821,6,14.0,9.0,19.0,10.0,79.0,17.0,23.0,50.0,0.0,1004.0,-1
2019-11-18,66,-0.6744436188329457,0.7383263540031063,-0.4979594980735895,0,13.0,9.0,16.0,9.0,76.0,19.0,19.0,31.0,0.0,1013.0,-1
2019-11-19,65,-0.6616346182422783,0.7498264012045686,-0.49611110470896613,1,14.0,12.0,17.0,10.0,72.0,19.0,20.0,33.0,0.0,1013.0,-1
2019-11-20,107,-0.6486295610349818,0.7611042586607744,-0.49367472119699335,2,12.0,10.0,15.0,9.0,84.0,18.0,6.0,11.0,0.0,1013.0,-1
2019-11-21,92,-0.6354323008901775,0.7721565844991642,-0.4906532351358047,3,12.0,9.0,15.0,7.0,76.0,17.0,11.0,22.0,0.0,1013.0,-1
2019-11-22,110,-0.622046748440868,0.7829801036770625,-0.48705022758621047,4,13.0,9.0,16.0,9.0,74.0,19.0,12.0,22.0,0.0,1012.0,-1
2019-11-23,214,-0.6084768701151264,0.7935716089521472,-0.48286996882742755,5,16.0,13.0,18.0,10.0,69.0,20.0,33.0,42.0,0.0,1007.0,-1
2019-11-24,242,-0.5947266869607633,0.8039279618328213,-0.47811741329595275,6,13.0,12.0,14.0,10.0,82.0,15.0,13.0,28.0,0.0,1002.0,-1
2019-11-25,72,-0.5808002734538013,0.8140460935082175,-0.4727981937135714,0,14.0,11.0,17.0,10.0,80.0,20.0,6.0,15.0,0.0,1004.0,1
2019-11-26,44,-0.5667017562911177,0.8239230057575542,-0.46691861441146265,1,12.0,8.0,17.0,9.0,83.0,20.0,7.0,9.0,0.0,1009.0,1
2019-11-27,50,-0.5524353131676195,0.83355577183857,-0.4604856438583172,2,14.0,11.0,17.0,12.0,85.0,18.0,13.0,24.0,0.0,1010.0,-1
2019-11-28,221,-0.5380051715382999,0.8429415373547827,-0.4535069064013181,3,14.0,13.0,17.0,11.0,80.0,19.0,9.0,21.0,0.0,1009.0,-1
2019-11-29,440,-0.5234156073655503,0.8520775211013093,-0.44599067322977426,4,14.0,10.0,17.0,11.0,82.0,21.0,10.0,15.0,0.0,1012.0,-1
2019-11-30,417,-0.5086709438521049,0.8609610158889941,-0.4379458525721217,5,11.0,7.0,16.0,8.0,82.0,16.0,7.0,11.0,0.0,1017.0,1
2019-12-01,412,-0.49377555015997737,0.8695893893466109,-0.42938197913790155,6,13.0,7.0,17.0,8.0,72.0,20.0,14.0,24.0,0.0,1019.0,1
2019-12-02,164,-0.47873384011578907,0.8779600847008878,-0.42030920281723944,0,15.0,14.0,17.0,11.0,76.0,19.0,22.0,30.0,0.0,1015.0,-1
2019-12-03,100,-0.46355027090285117,0.8860706215341378,-0.4107382766512073,1,12.0,8.0,14.0,10.0,88.0,15.0,12.0,22.0,0.0,1016.0,1
2019-12-04,98,-0.4482293417404106,0.893918596519257,-0.4006805440873383,2,9.0,4.0,14.0,3.0,62.0,20.0,14.0,26.0,0.0,1017.0,1
2019-12-05,103,-0.43277559255043163,0.9015016841318838,-0.3901479255353881,3,9.0,6.0,14.0,3.0,65.0,21.0,8.0,15.0,0.0,1021.0,1
2019-12-06,117,-0.41719360261231697,0.9088176373395028,-0.37915290423928133,4,11.0,6.0,16.0,7.0,80.0,18.0,6.0,9.0,0.0,1022.0,1
2019-12-07,249,-0.4014879892059729,0.9158642882672873,-0.3677085114819927,5,12.0,10.0,16.0,11.0,88.0,20.0,6.0,9.0,0.0,1020.0,1
2019-12-08,175,-0.3856634062436074,0.9226395488404875,-0.3558283111408876,6,13.0,10.0,16.0,10.0,84.0,19.0,8.0,13.0,0.0,1020.0,-1
2019-12-09,131,-0.36972454289067314,0.9291414114031743,-0.34352638361183346,0,12.0,8.0,15.0,9.0,84.0,20.0,9.0,15.0,0.0,1011.0,-1
2019-12-10,125,-0.35367612217637207,0.935367949313148,-0.33081730912113955,1,9.0,5.0,14.0,4.0,74.0,21.0,15.0,28.0,0.0,1009.0,1
2019-12-11,142,-0.3375228995941134,0.941317317512847,-0.31771615044508883,2,7.0,4.0,12.0,1.0,62.0,21.0,12.0,21.0,0.0,1011.0,1
2019-12-12,130,-0.32126966169236515,0.9469877530760751,-0.30423843505756365,3,7.0,3.0,12.0,4.0,79.0,19.0,7.0,24.0,0.0,1005.0,-1
2019-12-13,141,-0.3049212246562894,0.9523775757303974,-0.2904001367269008,4,10.0,4.0,14.0,6.0,79.0,14.0,20.0,35.0,0.0,993.0,-1
2019-12-14,296,-0.288482432880609,0.9574851883550393,-0.27621765658380987,5,8.0,4.0,14.0,3.0,66.0,20.0,10.0,21.0,0.0,1004.0,1
2019-12-15,338,-0.27195815753410607,0.9623090774541485,-0.2617078036827756,6,12.0,6.0,16.0,9.0,81.0,19.0,10.0,17.0,0.0,1017.0,1
2019-12-16,153,-0.2553532951161872,0.9668478136052775,-0.2468877750799888,0,15.0,13.0,18.0,10.0,69.0,21.0,15.0,21.0,0.0,1020.0,1
2019-12-17,189,-0.23867276600595,0.9711000518829505,-0.23177513545142533,1,16.0,12.0,19.0,8.0,60.0,19.0,18.0,28.0,0.0,1019.0,1
2019-12-18,173,-0.22192151300416588,0.9750645322571947,-0.21638779627521595,2,16.0,12.0,18.0,10.0,67.0,19.0,11.0,30.0,0.0,1020.0,1
2019-12-19,185,-0.20510449986861926,0.9787400799669153,-0.20074399460298656,3,13.0,9.0,17.0,8.0,69.0,18.0,11.0,24.0,0.0,1018.0,-1
2019-12-20,206,-0.1882267098432448,0.9821256058680005,-0.18486227144533712,4,13.0,7.0,15.0,9.0,79.0,19.0,20.0,37.0,0.0,1013.0,-1
2019-12-21,290,-0.1712931441814778,0.9852201067560606,-0.16876144979705687,5,15.0,13.0,17.0,12.0,84.0,12.0,23.0,33.0,0.0,1003.0,-1
2019-12-22,315,-0.15430882066428103,0.9880226656636976,-0.1524606123281444,6,14.0,11.0,15.0,10.0,78.0,16.0,21.0,39.0,0.0,995.0,-1
2019-12-23,203,-0.1372787721132652,0.9905324521322227,-0.13597907876705317,0,11.0,7.0,15.0,7.0,74.0,19.0,9.0,26.0,0.0,1005.0,-1
2019-12-24,140,-0.12020804489935276,0.9927487224577402,-0.11933638300297512,1,8.0,4.0,13.0,3.0,73.0,19.0,7.0,11.0,0.0,1017.0,1
2019-12-25,0,-0.10310169744743544,0.9946708199115211,-0.10255224993431018,2,9.0,5.0,14.0,5.0,74.0,21.0,7.0,13.0,0.0,1015.0,1
2019-12-26,103,-0.08596479873744671,0.9962981749346077,-0.08564657209073903,3,8.0,2.0,14.0,4.0,75.0,20.0,6.0,11.0,0.0,1020.0,1
2019-12-27,179,-0.06880242680231975,0.9976303053065857,-0.06863938605663226,4,9.0,5.0,14.0,5.0,79.0,20.0,6.0,11.0,0.0,1021.0,1
2019-12-28,189,-0.05161966722325417,0.9986668162884759,-0.05155084872371783,5,7.0,3.0,11.0,3.0,61.0,19.0,16.0,31.0,0.0,1025.0,1
2019-12-29,172,-0.034421611622745804,0.9994074007397048,-0.034401213401159994,6,5.0,1.0,10.0,0.0,49.0,19.0,12.0,22.0,0.0,1028.0,1
2019-12-30,158,-0.017213356155835285,0.9998518392091162,-0.01721080581137347,0,5.0,1.0,10.0,0.0,53.0,20.0,13.0,22.0,0.0,1029.0,1
2019-12-31,106,-2.4492935982947064e-16,1.0,-2.4492935982947064e-16,1,4.0,-1.0,10.0,0.0,59.0,20.0,7.0,13.0,0.0,1030.0,1
